"0","box_summary_build <- function(pl, p, DF, att){ "
"0","  if(length(att[[p]]$panel.data)==5) iCols <- c(1,2,2,3,4,4,5) else iCols <- 1:7"
"0","  tmp.data <- DF[,unlist(att[[p]]$panel.data)]"
"0","  tmp.data <- tmp.data[,iCols]"
"0","  names(tmp.data) <- paste('tmp.data',1:7,sep='')"
"0","  DF <- cbind(DF, tmp.data)"
"0","  "
"0","  DF$tmp.adj <- att[[p]]$graph.bar.size"
"0","  "
"0","  tmp.limsx <- range(DF[,unlist(att[[p]]$panel.data)], na.rm=T)"
"0","  if(any(!is.na(att[[p]]$xaxis.ticks))) tmp.limsx <- range(c(tmp.limsx, att[[p]]$xaxis.ticks))"
"0","  tmp.limsx <- tmp.limsx + c(-1,1) * diff(tmp.limsx)*.05"
"0","  tmp.limsy <- -(range(DF$pGrpOrd) + c(-1,1) * .5)"
"0","  "
"0","  "
"0","  ncolors <- length(att$colors)"
"0","  #################################"
"0","  #################################"
"0","  #*** insert space for median row	"
"0","  tmp.median.limsy <- NULL"
"0","  "
"0","  "
"0","  if(att$median.row) {"
"0","    if(!any(DF$median)) DF <- rbind(DF, transform(DF[1,], pGrpOrd=ncolors+1, pGrp=att$m.pGrp, median=TRUE, rank='', "
"0","                                                  tmp.data1=median(DF$tmp.data1), "
"0","                                                  tmp.data2=median(DF$tmp.data2), "
"0","                                                  tmp.data3=median(DF$tmp.data3), "
"0","                                                  tmp.data4=median(DF$tmp.data4), "
"0","                                                  tmp.data5=median(DF$tmp.data5), "
"0","                                                  tmp.data6=median(DF$tmp.data6), "
"0","                                                  tmp.data7=median(DF$tmp.data7)))"
"0","    "
"0","    "
"0","    DF$color[DF$median] <- ncolors"
"0","    tmp.median.limsy <- c(-.5, -1.5)	# c(0, -2)"
"0","  }"
"0","  "
"0","  #################################"
"0","  #################################"
"0","  "
"0","  pl  <- "
"0","    ggplot(DF) +"
"0","    geom_errorbarh(aes(xmin=tmp.data1, xmax=tmp.data7, y=-pGrpOrd), "
"0","                   height=.9*att[[p]]$graph.bar.size) + "
"0","    geom_rect(aes(xmin=tmp.data2, ymin=-pGrpOrd-(tmp.adj/4), "
"0","                  xmax=tmp.data5, ymax=-pGrpOrd+(tmp.adj/4), "
"0","                  fill=factor(color), colour='black')) +"
"0","    geom_rect(aes(xmin=tmp.data3, ymin=-pGrpOrd-(tmp.adj/2), "
"0","                  xmax=tmp.data6, ymax=-pGrpOrd+(tmp.adj/2), "
"0","                  fill=factor(color), colour='black')) +"
"0","    geom_segment(aes(x=tmp.data4, y=-pGrpOrd-(tmp.adj/2), "
"0","                     xend=tmp.data4, yend=-pGrpOrd+(tmp.adj/2)), colour='black') +"
"0","    facet_grid(pGrp~., scales=""free_y"", "
"0","               #~~~~~~~~~~~~~~~~~~~~~~~~~~~~~~~~~~~~~~~~~~~~~~~~~~~~~~~~~~~"
"0","               #~~~~~~~~~~~~~~~~~~~~~~~~~~~~~~~~~~~~~~~~~~~~~~~~~~~~~~~~~~~"
"0","               #   ADDED THESE AXES FORMATS FOR FWS"
"0","               #~~~~~~~~~~~~~~~~~~~~~~~~~~~~~~~~~~~~~~~~~~~~~~~~~~~~~~~~~~~"
"0","               #~~~~~~~~~~~~~~~~~~~~~~~~~~~~~~~~~~~~~~~~~~~~~~~~~~~~~~~~~~~"
"0","               axes = ""all_x"", "
"0","               axis.labels = ""margins"","
"0","               #~~~~~~~~~~~~~~~~~~~~~~~~~~~~~~~~~~~~~~~~~~~~~~~~~~~~~~~~~~~"
"0","               #~~~~~~~~~~~~~~~~~~~~~~~~~~~~~~~~~~~~~~~~~~~~~~~~~~~~~~~~~~~"
"0","               space=""free"") +"
"0","    scale_colour_manual(values='black', guide='none') +"
"0","    scale_fill_manual(values=att$colors, guide='none')"
"0","  "
"0","  "
"0","  if(att[[p]]$median.line) pl <- pl + geom_vline(aes(xintercept = median(tmp.data)), data=DF, "
"0","                                                 colour=att[[p]]$median.line.col, "
"0","                                                 linetype = att[[p]]$median.line.typ, "
"0","                                                 linewidth = att[[p]]$median.line.size)"
"0","  "
"0","  if(!any(is.na(att[[p]]$add.line))){"
"0","    if(length(att[[p]]$add.line.col)==1) att[[p]]$add.line.col <- rep(att[[p]]$add.line.col[1], length(att[[p]]$add.line))"
"0","    if(length(att[[p]]$add.line.typ)==1) att[[p]]$add.line.typ <- rep(att[[p]]$add.line.typ[1], length(att[[p]]$add.line))"
"0","    if(length(att[[p]]$add.line.size)==1) att[[p]]$add.line.size <- rep(att[[p]]$add.line.size[1], length(att[[p]]$add.line))"
"0","    "
"0","    for(j in 1:length(att[[p]]$add.line)) pl <- pl + geom_vline(xintercept = att[[p]]$add.line[j], "
"0","                                                                colour=att[[p]]$add.line.col[j], "
"0","                                                                linetype=att[[p]]$add.line.typ[j],"
"0","                                                                linewidth=att[[p]]$add.line.size[j])"
"0","  }"
"0","  "
"0","  "
"0","  pl <- plot_opts(p, pl, att)		"
"0","  pl <- graph_opts(p, pl, att)		"
"0","  pl <- axis_opts(p, pl, att, limsx=tmp.limsx, limsy=c(tmp.limsy,tmp.median.limsy), expx=FALSE)"
"0","  #~~~~~~~~~~~~~~~~~~~~~~~~~~~~~~~~~~~~~~~~~~~~~~~~~~~~~~~~~~~~~~~~~~~~~~~~~~~"
"0","  #~~~~~~~~~~~~~~~~~~~~~~~~~~~~~~~~~~~~~~~~~~~~~~~~~~~~~~~~~~~~~~~~~~~~~~~~~~~"
"0","  # added theme details here for x-axis and ticks"
"0","  #~~~~~~~~~~~~~~~~~~~~~~~~~~~~~~~~~~~~~~~~~~~~~~~~~~~~~~~~~~~~~~~~~~~~~~~~~~~"
"0","  #~~~~~~~~~~~~~~~~~~~~~~~~~~~~~~~~~~~~~~~~~~~~~~~~~~~~~~~~~~~~~~~~~~~~~~~~~~~"
"0","  pl <- pl + theme(axis.line.x = element_line(color = ""black""),"
"0","                   axis.line.y = element_line(color = ""black""),"
"0","                   axis.ticks.x = element_line(color = ""black""),"
"0","                   axis.ticks.y = element_blank(),"
"0","                   axis.text.y = element_blank(),"
"0","                   axis.title.y = element_blank())"
"0","  #~~~~~~~~~~~~~~~~~~~~~~~~~~~~~~~~~~~~~~~~~~~~~~~~~~~~~~~~~~~~~~~~~~~~~~~~~~~"
"0","  #~~~~~~~~~~~~~~~~~~~~~~~~~~~~~~~~~~~~~~~~~~~~~~~~~~~~~~~~~~~~~~~~~~~~~~~~~~~"
"0","  "
"0","  pl"
"0","}"
"0",""
"0","assignInNamespace(""box_summary_build"", box_summary_build, ns = ""micromap"")"
